customer_id,customer_name,email,state,signup_date
1,Ash Kim,ash.kim4507@example.com,FL,2024-08-16
2,Casey Kim,casey.kim9675@example.com,MA,2024-02-02
3,Alex Garcia,alex.garcia3812@mail.com,NC,2025-09-08
4,Alex Allen,alex.allen8929@mail.com,MA,2024-08-13
5,Parker Sanchez,parker.sanchez107@company.org,TX,2025-03-08
6,Drew Brown,drew.brown3528@mail.com,WA,2024-04-14
7,Jordan Clark,jordan.clark5882@example.com,WA,2025-09-10
8,Avery Patel,avery.patel8786@corp.net,NY,2025-01-22
9,Jordan Allen,jordan.allen5926@company.org,PA,2024-07-15
10,Jules Garcia,jules.garcia3734@example.com,IL,2024-03-22
11,Morgan Kim,morgan.kim4555@corp.net,GA,2025-01-08
12,Riley Lopez,riley.lopez3433@company.org,IN,2024-09-30
13,Jules Garcia,jules.garcia8752@mail.com,FL,2024-06-16
14,Parker Clark,parker.clark9126@company.org,FL,2024-11-28
15,Sam Wang,sam.wang5169@example.com,MA,2024-10-01
16,Jordan Johnson,jordan.johnson3484@company.org,IN,2025-05-26
17,Quinn Robinson,quinn.robinson4340@mail.com,TX,2024-09-09
18,Kendall Allen,kendall.allen9578@company.org,MA,2025-08-20
19,Quinn Lopez,quinn.lopez2267@mail.com,NC,2025-05-20
20,Jordan Patel,jordan.patel2505@example.com,IN,2024-06-12
21,Indigo Lewis,indigo.lewis6305@example.com,MA,2025-09-02
22,Parker Young,parker.young9065@company.org,CA,2024-04-27
23,Indigo Allen,indigo.allen5574@company.org,NY,2024-10-27
24,Kai Smith,kai.smith54@corp.net,IL,2025-05-27
25,Riley Young,riley.young4890@example.com,IN,2025-06-03
26,Logan Johnson,logan.johnson6127@mail.com,TX,2025-07-06
27,Hayden Lee,hayden.lee8006@company.org,CA,2024-04-24
28,Devin Davis,devin.davis950@mail.com,FL,2025-08-03
29,Jordan Garcia,jordan.garcia1134@corp.net,NC,2024-05-08
30,Casey Walker,casey.walker4343@mail.com,NC,2025-09-13
31,Kai Johnson,kai.johnson5108@mail.com,MA,2025-01-17
32,Parker Young,parker.young1983@corp.net,FL,2024-08-18
33,Jordan Martinez,jordan.martinez9639@example.com,NC,2024-08-23
34,Skyler Wang,skyler.wang1164@example.com,IN,2024-03-01
35,Morgan Garcia,morgan.garcia5414@example.com,NY,2025-06-10
36,Morgan Brown,morgan.brown3511@corp.net,NC,2024-05-15
37,Kendall Sanchez,kendall.sanchez3982@corp.net,GA,2025-02-20
38,Cameron Kim,cameron.kim7063@example.com,WA,2025-03-09
39,Kai Robinson,kai.robinson1613@example.com,CA,2025-02-16
40,Kendall Martinez,kendall.martinez4074@example.com,FL,2024-07-13
41,Reese Robinson,reese.robinson6913@mail.com,TX,2024-10-12
42,Parker Wang,parker.wang7261@example.com,NC,2024-04-10
43,Sam Allen,sam.allen1529@example.com,FL,2024-06-19
44,Kai Walker,kai.walker3503@corp.net,MA,2024-03-01
45,Riley Clark,,IL,2025-04-10
46,Jamie Lewis,jamie.lewis2537@corp.net,FL,2024-10-30
47,Cameron Patel,cameron.patel5139@example.com,CA,2024-02-21
48,Skyler Walker,skyler.walker932@mail.com,XX,2024-03-23
49,Riley Garcia,riley.garcia3854@example.com,MA,2024-05-02
50,Skyler Wang,,MA,2025-08-20
51,Skyler Young,skyler.young4273@company.org,FL,2024-11-17
52,Morgan Brown,morgan.brown2145@corp.net,IN,2024-11-03
53,Parker Martinez,parker.martinez153@example.com,GA,2025-09-28
54,Skyler Kim,skyler.kim8809@example.com,FL,2025-06-02
55,Avery Nguyen,avery.nguyen1128@company.org,FL,2025-01-13
56,Jamie Smith,jamie.smith8901@corp.net,IL,2025-09-18
57,Ash Young,ash.young9087@example.com,IL,2024-04-16
58,Casey Brown,casey.brown1754@example.com,NC,2024-06-08
59,Avery Davis,,FL,2024-09-27
60,Hayden Walker,hayden.walker833@company.org,NY,2025-03-09
61,Avery Patel,avery.patel5465@example.com,TX,2024-09-25
62,Riley Robinson,riley.robinson9190@corp.net,CA,2024-04-24
63,Jordan Nguyen,jordan.nguyen6050@example.com,PA,2025-07-19
64,Casey Lewis,casey.lewis686@mail.com,IL,2025-01-08
65,Sam Lopez,sam.lopez4089@mail.com,IN,2024-04-15
66,Devin Allen,devin.allen2533@corp.net,FL,2024-06-15
67,Riley Lewis,riley.lewis2939@example.com,WA,2025-02-25
68,Indigo Wang,indigo.wang2609@company.org,NY,2025-01-26
69,Sam Walker,sam.walker3270@mail.com,GA,2024-12-24
70,Jamie Wang,jamie.wang388@mail.com,IN,2024-07-16
71,Quinn Martinez,quinn.martinez1138@company.org,IL,2024-12-25
72,Ash Young,ash.young8786@corp.net,WA,2024-01-29
73,Taylor Brown,taylor.brown9513@mail.com,IL,2024-02-09
74,Taylor Hernandez,taylor.hernandez5664@corp.net,WA,2025-03-22
75,Logan Young,logan.young6312@example.com,PA,2024-07-13
76,Avery Patel,avery.patel28@corp.net,NC,2025-07-05
77,Indigo Johnson,indigo.johnson7067@company.org,NY,2024-12-04
78,Logan Martinez,logan.martinez4921@example.com,NC,2024-11-12
79,Indigo Lewis,indigo.lewis6593@company.org,IL,2025-07-21
80,Casey Johnson,casey.johnson6212@corp.net,IN,2024-06-27
81,Logan Sanchez,logan.sanchez6654@company.org,NC,2024-01-01
82,Jamie Davis,jamie.davis7044@mail.com,PA,2025-09-13
83,Ash Martinez,ash.martinez7239@corp.net,XX,2024-08-06
84,Hayden Walker,hayden.walker1390@mail.com,IL,2025-06-11
85,Indigo Hernandez,indigo.hernandez1531@company.org,FL,2024-11-13
86,Morgan Johnson,morgan.johnson401@mail.com,CA,2024-09-07
87,Rowan Hernandez,rowan.hernandez7462@example.com,MA,2025-08-12
88,Cameron Clark,cameron.clark6548@corp.net,FL,2024-05-31
89,Ash Lee,ash.lee6966@example.com,FL,2024-06-29
90,Jules Young,jules.young823@corp.net,NC,2024-09-12
91,Taylor Robinson,taylor.robinson7613@mail.com,IN,2025-06-27
92,Reese Hernandez,reese.hernandez7252@company.org,PA,2025-05-31
93,Kai Allen,kai.allen2608@corp.net,GA,2025-04-05
94,Avery Wang,avery.wang8541@company.org,GA,2024-09-01
95,Avery Robinson,avery.robinson4682@example.com,FL,2024-10-05
96,Drew Martinez,drew.martinez2268@example.com,TX,2024-08-24
97,Quinn Nguyen,quinn.nguyen1053@mail.com,MA,2025-02-21
98,Drew Allen,drew.allen6813@corp.net,CA,2024-07-30
99,Kai Clark,kai.clark9433@example.com,MA,2025-05-03
100,Alex Lopez,alex.lopez6390@company.org,MA,2025-07-05
101,Kendall Allen,kendall.allen8000@mail.com,FL,2024-10-06
102,Kai Walker,,WA,2025-02-18
103,Kendall Smith,kendall.smith2092@corp.net,PA,2025-06-30
104,Alex Clark,alex.clark1376@example.com,IN,2025-03-14
105,Casey Robinson,casey.robinson824@mail.com,IL,2025-01-23
106,Drew Johnson,drew.johnson5356@corp.net,WA,2025-01-23
107,Avery Lewis,avery.lewis1342@company.org,GA,2024-01-20
108,Kendall Allen,kendall.allen5734@example.com,FL,2024-03-11
109,Ash Patel,ash.patel4052@example.com,FL,2024-01-21
110,Logan Nguyen,logan.nguyen2069@mail.com,GA,2024-04-27
111,Skyler Johnson,skyler.johnson4199@corp.net,WA,2024-06-20
112,Logan Hernandez,logan.hernandez2684@example.com,IL,2024-04-20
113,Skyler Lee,skyler.lee9434@company.org,IN,2025-01-19
114,Quinn Johnson,quinn.johnson9701@example.com,IN,2024-09-05
115,Taylor Davis,taylor.davis9273@example.com,CA,2024-12-21
116,Reese Lewis,reese.lewis1130@company.org,NC,2024-12-15
117,Alex Lewis,alex.lewis1730@corp.net,MA,2025-01-05
118,Ash Robinson,ash.robinson7136@mail.com,TX,2025-06-18
119,Ash Brown,ash.brown7617@corp.net,MA,2025-08-29
120,Avery Martinez,avery.martinez1420@mail.com,IL,2025-04-06
121,Morgan Robinson,morgan.robinson5512@corp.net,CA,2025-05-21
122,Drew Smith,drew.smith3476@corp.net,WA,2024-09-21
123,Drew Brown,drew.brown9107@company.org,CA,2025-06-13
124,Cameron Garcia,cameron.garcia6659@mail.com,GA,2025-07-22
125,Morgan Walker,morgan.walker7343@corp.net,CA,2024-04-05
126,Jamie Wang,jamie.wang3987@corp.net,IL,2025-08-18
127,Devin Walker,devin.walker6972@company.org,NC,2024-12-04
128,Devin Robinson,devin.robinson5024@company.org,IL,2024-08-24
129,Taylor Johnson,taylor.johnson1959@company.org,NC,2024-07-08
130,Cameron Johnson,cameron.johnson4531@corp.net,PA,2025-06-21
131,Logan Davis,logan.davis3181@example.com,IL,2024-08-20
132,Devin Smith,devin.smith232@company.org,NC,2024-05-09
133,Avery Patel,avery.patel9067@example.com,IL,2024-05-09
134,Ash Walker,ash.walker201@example.com,PA,2024-10-18
135,Rowan Walker,rowan.walker5583@corp.net,TX,2024-02-22
136,Avery Walker,avery.walker1071@example.com,MA,2025-05-18
137,Jordan Sanchez,jordan.sanchez2486@example.com,TX,2025-07-30
138,Jamie Garcia,jamie.garcia1941@mail.com,NC,2025-03-02
139,Logan Hernandez,logan.hernandez8562@mail.com,MA,2025-04-06
140,Parker Davis,parker.davis5004@corp.net,PA,2025-09-27
141,Sam Hernandez,sam.hernandez3405@example.com,IN,2024-08-04
142,Avery Garcia,avery.garcia3930@mail.com,TX,2025-07-19
143,Jordan Smith,jordan.smith6694@example.com,GA,2025-08-31
144,Rowan Davis,rowan.davis3793@example.com,IL,2024-10-16
145,Jules Robinson,jules.robinson3825@example.com,IL,2025-10-02
146,Skyler Johnson,skyler.johnson1881@corp.net,NC,2024-08-18
147,Ash Nguyen,ash.nguyen2331@company.org,NY,2024-03-02
148,Riley Davis,riley.davis7196@company.org,NY,2025-04-24
149,Jules Davis,jules.davis4461@corp.net,NC,2025-07-06
150,Rowan Robinson,rowan.robinson9799@example.com,CA,2025-03-18
151,Kendall Martinez,kendall.martinez424@company.org,NY,2024-08-22
152,Indigo Sanchez,indigo.sanchez4416@example.com,PA,2024-02-11
153,Riley Walker,riley.walker4558@corp.net,TX,2025-08-22
154,Kai Walker,kai.walker7701@example.com,WA,2025-02-22
155,Drew Martinez,drew.martinez2635@example.com,WA,2025-02-25
156,Jules Walker,jules.walker6562@company.org,NC,2024-02-07
157,Parker Garcia,parker.garcia4136@company.org,WA,2024-04-28
158,Quinn Young,quinn.young8890@example.com,GA,2025-02-27
159,Sam Johnson,sam.johnson8168@company.org,IN,2025-03-28
160,Sam Johnson,sam.johnson8999@company.org,TX,2024-10-21
161,Parker Walker,parker.walker473@example.com,IN,2025-09-15
162,Morgan Smith,morgan.smith9025@company.org,CA,2025-07-19
163,Kai Garcia,kai.garcia1859@mail.com,GA,2024-04-30
164,Ash Nguyen,ash.nguyen4782@corp.net,NC,2024-10-06
165,Kai Walker,kai.walker3994@corp.net,GA,2025-07-18
166,Casey Clark,casey.clark9821@mail.com,NC,2024-05-19
167,Jordan Brown,jordan.brown5569@corp.net,NC,2024-09-30
168,Alex Davis,alex.davis9617@company.org,PA,2025-05-16
169,Casey Robinson,casey.robinson5655@corp.net,WA,2025-07-19
170,Reese Clark,reese.clark5273@corp.net,FL,2024-09-01
171,Skyler Clark,,CA,2024-11-21
172,Kendall Walker,kendall.walker6326@corp.net,IN,2024-06-04
173,Rowan Patel,rowan.patel8230@mail.com,PA,2024-12-05
174,Taylor Robinson,taylor.robinson8618@example.com,GA,2024-01-16
175,Kendall Nguyen,kendall.nguyen2530@corp.net,NY,2025-04-25
176,Avery Martinez,avery.martinez1316@corp.net,WA,2025-06-30
177,Quinn Martinez,quinn.martinez8865@corp.net,CA,2025-09-24
178,Jordan Wang,jordan.wang3728@company.org,NY,2025-03-20
179,Taylor Kim,taylor.kim2726@corp.net,IL,2024-01-30
180,Sam Martinez,sam.martinez4807@example.com,WA,2025-01-18
181,Kai Nguyen,kai.nguyen8703@mail.com,MA,2025-08-02
182,Indigo Smith,indigo.smith2869@mail.com,NY,2025-09-16
183,Quinn Hernandez,quinn.hernandez8154@mail.com,PA,2024-05-26
184,Morgan Robinson,morgan.robinson7530@company.org,IL,2024-01-10
185,Parker Davis,parker.davis1211@mail.com,GA,2024-12-19
186,Skyler Davis,skyler.davis4098@corp.net,GA,2024-11-05
187,Cameron Clark,cameron.clark1748@corp.net,FL,2025-01-25
188,Skyler Lopez,skyler.lopez4838@company.org,CA,2025-02-09
189,Avery Lee,avery.lee9936@example.com,GA,2024-10-20
190,Morgan Hernandez,morgan.hernandez3589@company.org,IN,2024-07-13
191,Logan Brown,logan.brown1592@mail.com,IN,2024-02-10
192,Jamie Robinson,jamie.robinson9496@example.com,WA,2024-05-14
193,Jordan Davis,jordan.davis6808@company.org,TX,2024-07-24
194,Casey Allen,casey.allen8698@company.org,NC,2024-10-06
195,Riley Brown,riley.brown4836@corp.net,WA,2024-04-27
196,Parker Garcia,parker.garcia3697@mail.com,IN,2025-02-10
197,Reese Lopez,reese.lopez6465@example.com,CA,2024-09-27
198,Reese Kim,reese.kim6039@corp.net,IN,2024-09-25
199,Skyler Clark,skyler.clark1776@company.org,IN,2024-08-27
200,Rowan Lee,rowan.lee9996@company.org,XX,2024-03-05
201,Ash Robinson,ash.robinson6690@company.org,NY,2024-05-23
202,Sam Patel,sam.patel8072@company.org,NY,2024-04-09
203,Morgan Allen,morgan.allen6368@mail.com,GA,2025-01-14
204,Indigo Allen,indigo.allen9623@corp.net,TX,2025-02-28
205,Ash Kim,ash.kim6687@corp.net,IL,2024-02-03
206,Jules Lopez,jules.lopez7265@mail.com,GA,2024-08-29
207,Devin Kim,devin.kim8921@company.org,IN,2025-01-02
208,Sam Clark,sam.clark3110@company.org,NY,2025-04-10
209,Jordan Johnson,jordan.johnson829@example.com,WA,2024-09-06
210,Casey Sanchez,casey.sanchez1125@mail.com,NC,2024-07-31
211,Skyler Johnson,skyler.johnson5384@mail.com,TX,2025-09-02
212,Alex Brown,alex.brown2130@mail.com,NC,2024-09-13
213,Riley Kim,riley.kim2160@example.com,CA,2025-01-01
214,Morgan Sanchez,morgan.sanchez259@company.org,TX,2024-09-28
215,Sam Nguyen,sam.nguyen8620@corp.net,NY,2024-03-06
216,Rowan Robinson,rowan.robinson8409@company.org,PA,2024-04-21
217,Parker Young,parker.young711@mail.com,IN,2025-06-17
218,Jamie Robinson,jamie.robinson997@example.com,GA,2025-02-15
219,Kai Kim,kai.kim7268@corp.net,NY,2024-03-23
220,Drew Hernandez,drew.hernandez1077@mail.com,TX,2024-10-08
221,Logan Sanchez,logan.sanchez6241@company.org,PA,2025-06-27
222,Jamie Robinson,jamie.robinson1625@corp.net,NY,2025-07-18
223,Kendall Johnson,kendall.johnson7399@corp.net,FL,2025-02-27
224,Drew Robinson,drew.robinson6816@corp.net,NY,2024-11-16
225,Kai Martinez,kai.martinez6133@company.org,TX,2025-04-30
226,Jordan Garcia,jordan.garcia1528@example.com,MA,2024-04-08
227,Kendall Lopez,kendall.lopez9116@mail.com,CA,2025-08-23
228,Reese Allen,reese.allen2003@company.org,MA,2024-12-28
229,Indigo Lewis,indigo.lewis4713@example.com,PA,2024-11-15
230,Devin Kim,devin.kim2536@mail.com,IN,2025-05-08
231,Morgan Kim,morgan.kim9114@company.org,WA,2024-04-27
232,Avery Sanchez,avery.sanchez7031@mail.com,NC,2025-09-28
233,Logan Allen,logan.allen9978@example.com,IN,2024-09-30
234,Alex Smith,alex.smith5063@company.org,WA,2024-12-25
235,Alex Smith,alex.smith9279@mail.com,IN,2025-02-14
236,Jordan Nguyen,jordan.nguyen1504@example.com,NC,2024-08-08
237,Quinn Lewis,quinn.lewis5586@corp.net,TX,2025-01-13
238,Jamie Martinez,jamie.martinez862@example.com,TX,2024-06-10
239,Logan Patel,logan.patel4459@example.com,GA,2025-03-10
240,Rowan Hernandez,rowan.hernandez6786@corp.net,IL,2024-08-08
241,Hayden Kim,,NY,2024-10-17
242,Indigo Sanchez,indigo.sanchez8634@corp.net,IN,2024-11-11
243,Sam Wang,sam.wang9820@corp.net,CA,2024-01-08
244,Cameron Davis,cameron.davis2249@mail.com,IL,2024-10-23
245,Drew Kim,drew.kim8150@example.com,MA,2024-06-28
246,Casey Clark,casey.clark8197@mail.com,NC,2024-12-28
247,Jordan Clark,jordan.clark7148@example.com,CA,2025-04-15
248,Jordan Martinez,jordan.martinez9395@corp.net,MA,2025-03-03
249,Jamie Kim,jamie.kim342@corp.net,WA,2024-06-24
250,Logan Robinson,logan.robinson1444@company.org,MA,2024-04-18
251,Morgan Lewis,morgan.lewis8585@corp.net,NY,2025-02-09
252,Jamie Martinez,jamie.martinez5457@mail.com,TX,2024-03-19
253,Hayden Kim,hayden.kim5725@mail.com,WA,2024-05-31
254,Morgan Kim,morgan.kim4194@mail.com,FL,2024-06-26
255,Logan Nguyen,logan.nguyen2903@example.com,XX,2025-05-20
256,Parker Sanchez,parker.sanchez9249@corp.net,XX,2025-10-01
257,Drew Martinez,drew.martinez7206@mail.com,NY,2025-04-25
258,Parker Davis,parker.davis9690@company.org,CA,2024-12-26
259,Hayden Garcia,hayden.garcia7566@company.org,GA,2024-02-08
260,Sam Lopez,sam.lopez1258@company.org,IN,2024-04-02
261,Logan Hernandez,logan.hernandez7582@corp.net,PA,2025-07-21
262,Kendall Patel,kendall.patel9367@corp.net,IN,2024-07-11
263,Drew Hernandez,drew.hernandez8215@corp.net,TX,2024-03-04
264,Parker Kim,parker.kim1382@company.org,NC,2024-06-25
265,Sam Wang,sam.wang7200@corp.net,NC,2025-06-19
266,Logan Smith,logan.smith6109@company.org,IL,2025-01-31
267,Kai Martinez,kai.martinez5483@example.com,NY,2024-12-03
268,Taylor Allen,taylor.allen4656@corp.net,IL,2025-09-09
269,Casey Martinez,casey.martinez9548@example.com,IN,2024-05-24
270,Devin Davis,devin.davis2113@corp.net,PA,2024-03-27
271,Jamie Allen,jamie.allen5382@corp.net,TX,2025-06-23
272,Jordan Lewis,jordan.lewis299@company.org,WA,2024-11-12
273,Riley Johnson,riley.johnson7968@company.org,FL,2024-08-19
274,Casey Nguyen,casey.nguyen4847@example.com,NY,2025-06-03
275,Reese Young,reese.young5518@example.com,PA,2024-05-14
276,Logan Clark,logan.clark2659@mail.com,TX,2025-10-01
277,Riley Robinson,riley.robinson6732@example.com,WA,2024-08-31
278,Parker Hernandez,parker.hernandez7356@company.org,FL,2025-06-30
279,Morgan Davis,morgan.davis3179@corp.net,WA,2025-08-07
280,Parker Robinson,parker.robinson6257@company.org,NC,2025-06-24
281,Kai Smith,kai.smith9907@mail.com,TX,2024-09-13
282,Sam Walker,sam.walker9086@company.org,NY,2025-06-12
283,Taylor Davis,taylor.davis2627@example.com,IL,2025-04-05
284,Hayden Nguyen,hayden.nguyen1503@corp.net,FL,2025-04-06
285,Devin Lee,devin.lee873@corp.net,MA,2025-05-29
286,Devin Wang,devin.wang1338@corp.net,WA,2024-08-17
287,Alex Martinez,alex.martinez5494@example.com,TX,2024-05-20
288,Sam Davis,sam.davis2274@corp.net,GA,2025-04-04
289,Logan Lee,logan.lee312@example.com,IL,2024-08-08
290,Casey Allen,casey.allen1822@corp.net,IL,2024-08-31
291,Jamie Kim,jamie.kim3907@example.com,MA,2025-09-29
292,Parker Garcia,parker.garcia8190@example.com,PA,2025-07-02
293,Alex Young,alex.young2353@mail.com,IL,2025-03-15
294,Alex Hernandez,alex.hernandez3942@company.org,PA,2025-03-02
295,Riley Garcia,riley.garcia1109@company.org,NC,2025-07-11
296,Hayden Young,hayden.young6398@example.com,GA,2024-02-14
297,Ash Clark,ash.clark4156@company.org,CA,2024-12-31
298,Jordan Lopez,jordan.lopez1699@mail.com,PA,2024-12-06
299,Casey Patel,casey.patel8946@company.org,WA,2024-06-28
300,Indigo Robinson,indigo.robinson2987@corp.net,TX,2024-03-05
301,Jules Robinson,jules.robinson4808@example.com,FL,2024-02-14
302,Cameron Patel,cameron.patel5081@company.org,NC,2025-02-11
303,Reese Walker,reese.walker600@company.org,IN,2024-07-14
304,Jamie Lopez,jamie.lopez5439@example.com,IL,2024-05-07
305,Devin Lewis,devin.lewis7205@corp.net,MA,2024-12-13
306,Riley Walker,riley.walker6019@corp.net,NC,2024-09-30
307,Jordan Lewis,jordan.lewis7056@example.com,PA,2024-07-03
308,Reese Davis,reese.davis1681@company.org,NY,2024-12-01
309,Indigo Davis,indigo.davis7306@company.org,PA,2025-03-12
310,Riley Robinson,riley.robinson7326@company.org,CA,2024-12-27
311,Logan Lewis,logan.lewis940@company.org,NY,2025-02-19
312,Devin Young,devin.young511@mail.com,TX,2025-09-14
313,Indigo Robinson,indigo.robinson2069@example.com,NY,2024-08-29
314,Ash Lopez,ash.lopez6273@company.org,PA,2024-02-03
315,Logan Nguyen,logan.nguyen6078@corp.net,WA,2025-03-30
316,Jordan Sanchez,jordan.sanchez8675@mail.com,WA,2025-02-11
317,Drew Brown,drew.brown1859@mail.com,CA,2024-07-09
318,Rowan Young,rowan.young9203@corp.net,NY,2024-09-25
319,Avery Robinson,avery.robinson4679@mail.com,GA,2024-07-23
320,Taylor Nguyen,taylor.nguyen7407@example.com,TX,2025-03-31
321,Jordan Martinez,jordan.martinez1064@company.org,NC,2025-07-09
322,Jamie Davis,jamie.davis2853@mail.com,WA,2025-06-04
323,Morgan Kim,morgan.kim2276@mail.com,FL,2025-05-20
324,Alex Lopez,,NC,2024-05-12
325,Logan Garcia,logan.garcia5068@example.com,MA,2025-05-05
326,Hayden Lewis,hayden.lewis9420@corp.net,NY,2024-05-08
327,Drew Garcia,drew.garcia7633@corp.net,IN,2025-06-13
328,Devin Nguyen,devin.nguyen2115@mail.com,MA,2025-05-29
329,Sam Kim,sam.kim4983@mail.com,TX,2024-06-14
330,Drew Wang,drew.wang8502@company.org,IL,2024-03-21
331,Avery Johnson,avery.johnson2051@company.org,IN,2024-11-06
332,Logan Allen,logan.allen8235@example.com,IN,2024-06-21
333,Skyler Sanchez,skyler.sanchez2805@mail.com,IN,2025-10-01
334,Kendall Hernandez,kendall.hernandez9235@company.org,CA,2024-01-30
335,Jordan Patel,jordan.patel3454@company.org,PA,2025-03-02
336,Logan Lee,logan.lee8939@corp.net,IL,2024-11-05
337,Rowan Wang,rowan.wang4874@corp.net,GA,2024-03-15
338,Jules Patel,jules.patel7203@mail.com,MA,2025-05-10
339,Parker Johnson,parker.johnson9940@company.org,TX,2024-11-16
340,Jules Martinez,jules.martinez6533@company.org,TX,2025-01-14
341,Hayden Allen,hayden.allen5229@example.com,FL,2025-04-22
342,Taylor Brown,taylor.brown4062@corp.net,TX,2024-04-09
343,Sam Davis,sam.davis6851@corp.net,FL,2024-06-12
344,Drew Sanchez,drew.sanchez3111@company.org,TX,2025-05-25
345,Hayden Robinson,hayden.robinson5056@corp.net,GA,2024-01-24
346,Jordan Clark,jordan.clark3945@corp.net,FL,2025-08-20
347,Devin Patel,devin.patel4610@example.com,GA,2025-09-03
348,Ash Walker,ash.walker8794@company.org,CA,2024-04-20
349,Kai Nguyen,kai.nguyen5993@company.org,MA,2025-01-09
350,Sam Clark,sam.clark9344@example.com,NC,2024-07-18
351,Devin Allen,devin.allen1205@company.org,MA,2025-05-31
352,Parker Allen,parker.allen1947@company.org,TX,2024-04-09
353,Quinn Lopez,quinn.lopez9140@company.org,WA,2024-05-27
354,Cameron Hernandez,cameron.hernandez8194@corp.net,CA,2024-02-16
355,Sam Nguyen,sam.nguyen7762@company.org,NC,2025-04-12
356,Casey Hernandez,casey.hernandez5374@mail.com,PA,2024-11-22
357,Riley Clark,riley.clark9728@company.org,WA,2025-06-03
358,Hayden Allen,hayden.allen9223@corp.net,IL,2025-05-01
359,Alex Lopez,alex.lopez1796@company.org,MA,2025-08-20
360,Jamie Lee,jamie.lee4351@corp.net,IN,2025-08-15
361,Skyler Wang,skyler.wang9561@example.com,GA,2024-06-23
362,Hayden Hernandez,hayden.hernandez2422@corp.net,IN,2024-09-05
363,Sam Sanchez,sam.sanchez3126@example.com,CA,2025-03-27
364,Drew Lewis,drew.lewis6766@mail.com,FL,2025-02-24
365,Hayden Hernandez,hayden.hernandez1021@corp.net,TX,2025-06-15
366,Cameron Allen,cameron.allen7838@company.org,NC,2025-01-20
367,Drew Smith,drew.smith8735@corp.net,WA,2025-07-13
368,Devin Brown,devin.brown3151@corp.net,FL,2024-10-12
369,Reese Davis,reese.davis4877@mail.com,IL,2024-07-31
370,Jules Walker,jules.walker7862@company.org,WA,2025-07-27
371,Kendall Brown,kendall.brown1997@company.org,PA,2025-07-10
372,Quinn Clark,quinn.clark2400@company.org,IL,2024-02-13
373,Jamie Garcia,jamie.garcia7248@company.org,IN,2024-09-19
374,Kendall Walker,kendall.walker3311@mail.com,NC,2024-10-04
375,Reese Brown,reese.brown1790@mail.com,PA,2025-08-23
376,Morgan Wang,morgan.wang8701@example.com,FL,2024-08-26
377,Sam Kim,sam.kim5412@corp.net,GA,2024-04-12
378,Indigo Nguyen,indigo.nguyen9017@example.com,TX,2025-02-20
379,Ash Walker,ash.walker3268@corp.net,IL,2024-11-24
380,Jamie Patel,jamie.patel9407@example.com,FL,2025-07-01
381,Kendall Patel,kendall.patel6847@mail.com,TX,2024-02-07
382,Quinn Walker,quinn.walker4743@mail.com,CA,2024-01-10
383,Jamie Sanchez,jamie.sanchez5490@example.com,IL,2025-04-10
384,Ash Allen,ash.allen2199@corp.net,NC,2025-04-24
385,Avery Johnson,avery.johnson5418@example.com,TX,2025-04-14
386,Ash Brown,ash.brown231@mail.com,WA,2024-10-29
387,Skyler Johnson,skyler.johnson6644@mail.com,MA,2025-06-11
388,Drew Garcia,drew.garcia1563@corp.net,TX,2024-05-23
389,Rowan Martinez,rowan.martinez112@mail.com,IL,2025-01-27
390,Morgan Robinson,morgan.robinson5401@company.org,IL,2025-08-19
391,Kendall Sanchez,kendall.sanchez4286@example.com,IN,2025-01-03
392,Jules Wang,jules.wang1937@example.com,GA,2024-11-10
393,Riley Clark,riley.clark1924@company.org,IN,2024-10-29
394,Devin Hernandez,devin.hernandez3591@mail.com,TX,2025-05-04
395,Casey Robinson,casey.robinson6814@company.org,NC,2025-04-27
396,Reese Johnson,reese.johnson9762@mail.com,NY,2025-06-22
397,Parker Young,parker.young1280@company.org,PA,2024-04-24
398,Sam Allen,sam.allen9384@mail.com,NC,2024-06-02
399,Riley Martinez,riley.martinez1905@corp.net,IN,2024-07-29
400,Jules Sanchez,jules.sanchez1490@corp.net,NC,2025-04-01
401,Sam Robinson,sam.robinson8410@mail.com,MA,2025-04-12
402,Skyler Patel,skyler.patel5050@corp.net,CA,2025-02-09
403,Avery Lee,avery.lee9476@mail.com,NY,2024-02-16
404,Kai Lopez,kai.lopez8867@example.com,CA,2024-03-11
405,Rowan Patel,rowan.patel6699@company.org,TX,2024-05-18
406,Ash Lewis,ash.lewis6267@company.org,GA,2025-01-21
407,Quinn Garcia,quinn.garcia5698@mail.com,NY,2024-07-01
408,Reese Clark,reese.clark3649@mail.com,CA,2024-01-24
409,Jamie Robinson,jamie.robinson8716@corp.net,MA,2024-08-23
410,Morgan Robinson,morgan.robinson2542@company.org,IL,2024-07-12
411,Kendall Kim,kendall.kim6869@example.com,XX,2024-01-17
412,Morgan Johnson,,PA,2024-02-04
413,Parker Hernandez,parker.hernandez4010@example.com,CA,2025-02-15
414,Parker Wang,parker.wang925@mail.com,TX,2025-05-30
415,Jamie Wang,jamie.wang9462@company.org,PA,2024-11-24
416,Morgan Davis,morgan.davis8541@mail.com,FL,2025-02-27
417,Jamie Brown,jamie.brown9122@example.com,PA,2024-06-28
418,Ash Lewis,ash.lewis769@corp.net,WA,2025-01-25
419,Hayden Martinez,hayden.martinez6689@corp.net,TX,2024-11-03
420,Quinn Smith,quinn.smith3949@corp.net,FL,2024-11-03
421,Jules Nguyen,jules.nguyen945@corp.net,NC,2025-02-26
422,Kai Allen,kai.allen6364@mail.com,FL,2024-09-18
423,Cameron Martinez,cameron.martinez7370@example.com,WA,2024-04-04
424,Reese Johnson,,MA,2025-09-11
425,Logan Patel,logan.patel3083@example.com,PA,2025-07-26
426,Cameron Walker,cameron.walker5456@mail.com,IL,2024-01-16
427,Cameron Johnson,cameron.johnson7847@example.com,FL,2025-09-10
428,Jules Johnson,jules.johnson3922@corp.net,NC,2024-11-25
429,Jamie Clark,jamie.clark8744@corp.net,IN,2025-01-02
430,Jamie Brown,jamie.brown8402@company.org,GA,2025-04-22
431,Taylor Walker,taylor.walker3329@company.org,WA,2024-11-16
432,Kai Patel,kai.patel2391@mail.com,CA,2024-09-24
433,Reese Sanchez,reese.sanchez4837@corp.net,TX,2024-07-19
434,Drew Wang,drew.wang9336@corp.net,FL,2025-05-26
435,Reese Martinez,reese.martinez8006@company.org,IN,2025-05-17
436,Parker Smith,parker.smith2774@company.org,TX,2025-07-13
437,Rowan Smith,rowan.smith8585@example.com,CA,2024-03-17
438,Indigo Patel,indigo.patel6757@example.com,TX,2024-08-24
439,Jordan Nguyen,jordan.nguyen3584@example.com,NC,2025-04-11
440,Devin Patel,,CA,2024-01-07
441,Reese Allen,reese.allen195@corp.net,CA,2025-06-26
442,Kendall Brown,kendall.brown281@company.org,NC,2025-03-16
443,Riley Kim,riley.kim8592@example.com,TX,2024-09-03
444,Cameron Hernandez,cameron.hernandez5808@company.org,IL,2025-02-10
445,Jordan Lopez,jordan.lopez7521@corp.net,PA,2024-09-06
446,Jules Wang,jules.wang1321@company.org,IN,2024-02-02
447,Jordan Clark,jordan.clark6180@corp.net,NC,2025-05-02
448,Sam Lee,sam.lee1355@mail.com,GA,2025-03-20
449,Ash Martinez,ash.martinez8654@example.com,CA,2024-08-23
450,Cameron Sanchez,cameron.sanchez4442@corp.net,CA,2024-03-17
451,Indigo Brown,indigo.brown2939@example.com,WA,2024-01-17
452,Cameron Sanchez,cameron.sanchez6526@mail.com,NY,2024-11-02
453,Riley Sanchez,riley.sanchez9285@mail.com,MA,2025-07-07
454,Drew Clark,drew.clark1285@mail.com,NC,2024-12-20
455,Sam Kim,sam.kim3804@corp.net,NY,2024-12-14
456,Logan Hernandez,logan.hernandez5348@corp.net,CA,2024-10-06
457,Parker Walker,parker.walker5830@mail.com,NC,2025-01-19
458,Kai Smith,kai.smith1405@corp.net,PA,2024-10-29
459,Morgan Garcia,morgan.garcia4391@example.com,TX,2025-01-24
460,Jules Nguyen,jules.nguyen5189@corp.net,WA,2024-04-19
461,Jordan Lee,jordan.lee7287@company.org,WA,2024-10-03
462,Taylor Nguyen,taylor.nguyen3071@example.com,MA,2025-04-04
463,Reese Allen,reese.allen1693@corp.net,CA,2024-04-01
464,Devin Allen,devin.allen9781@example.com,PA,2024-11-28
465,Quinn Lee,quinn.lee6780@company.org,MA,2024-03-27
466,Kendall Allen,kendall.allen9371@mail.com,NC,2024-06-22
467,Indigo Clark,indigo.clark2275@mail.com,IL,2024-11-04
468,Avery Walker,avery.walker1037@mail.com,TX,2025-03-21
469,Avery Lewis,avery.lewis7934@company.org,NY,2025-01-04
470,Avery Wang,avery.wang9729@corp.net,PA,2024-07-19
471,Parker Kim,parker.kim4992@mail.com,CA,2025-02-09
472,Drew Hernandez,drew.hernandez5400@corp.net,GA,2024-12-08
473,Kai Hernandez,kai.hernandez4923@mail.com,WA,2025-09-09
474,Jules Johnson,jules.johnson5148@corp.net,TX,2025-02-11
475,Drew Davis,drew.davis9436@corp.net,FL,2024-11-29
476,Quinn Brown,quinn.brown5981@corp.net,NY,2025-07-31
477,Cameron Sanchez,cameron.sanchez9013@mail.com,CA,2025-04-17
478,Jules Johnson,jules.johnson4774@corp.net,NY,2025-02-22
479,Indigo Walker,indigo.walker4962@mail.com,FL,2024-09-15
480,Indigo Nguyen,indigo.nguyen6177@corp.net,NY,2025-04-04
481,Logan Walker,logan.walker8756@corp.net,NC,2025-03-04
482,Reese Patel,reese.patel8797@company.org,PA,2024-03-28
483,Taylor Wang,taylor.wang2726@company.org,IN,2025-09-19
484,Sam Sanchez,sam.sanchez5433@corp.net,MA,2024-04-18
485,Alex Kim,alex.kim3638@company.org,NC,2025-06-15
486,Reese Sanchez,reese.sanchez7304@mail.com,WA,2025-02-04
487,Parker Sanchez,parker.sanchez5652@mail.com,CA,2025-05-09
488,Taylor Davis,taylor.davis1407@corp.net,NY,2024-05-25
489,Devin Davis,devin.davis7461@company.org,FL,2025-06-17
490,Rowan Lopez,rowan.lopez1600@corp.net,GA,2025-04-08
491,Drew Garcia,drew.garcia733@company.org,NY,2024-01-24
492,Drew Kim,drew.kim3997@mail.com,NC,2024-06-27
493,Reese Smith,reese.smith9173@company.org,MA,2025-04-18
494,Morgan Clark,morgan.clark3054@mail.com,IN,2025-03-18
495,Quinn Lee,quinn.lee7366@mail.com,PA,2025-03-15
496,Quinn Lee,quinn.lee3372@mail.com,IL,2024-03-05
497,Skyler Kim,skyler.kim5994@mail.com,WA,2024-07-20
498,Parker Kim,parker.kim8020@company.org,NC,2024-11-16
499,Logan Clark,logan.clark9618@corp.net,NY,2024-12-22
500,Devin Robinson,devin.robinson4874@mail.com,PA,2025-08-27
501,Jordan Nguyen,jordan.nguyen1932@company.org,FL,2024-11-08
502,Taylor Smith,taylor.smith2317@company.org,NC,2025-02-01
503,Kai Hernandez,kai.hernandez9418@mail.com,MA,2025-03-09
504,Riley Walker,riley.walker9092@mail.com,TX,2025-05-16
505,Jamie Nguyen,jamie.nguyen5155@mail.com,GA,2025-09-26
506,Sam Lopez,sam.lopez7940@example.com,TX,2024-07-18
507,Quinn Allen,quinn.allen6704@corp.net,IN,2025-05-18
508,Kai Robinson,kai.robinson2741@corp.net,NY,2025-08-01
509,Alex Wang,alex.wang536@company.org,IL,2024-08-18
510,Reese Davis,reese.davis7493@mail.com,PA,2025-05-22
511,Reese Young,reese.young9384@example.com,NY,2024-10-01
512,Reese Lopez,reese.lopez7232@example.com,NC,2024-08-11
513,Kai Kim,kai.kim4878@mail.com,CA,2025-04-05
514,Avery Lopez,avery.lopez7194@example.com,NY,2024-08-30
515,Cameron Sanchez,cameron.sanchez9999@company.org,IN,2025-03-14
516,Riley Hernandez,riley.hernandez3386@mail.com,FL,2024-03-01
517,Skyler Lopez,skyler.lopez9779@company.org,NC,2024-06-21
518,Drew Davis,drew.davis9384@company.org,IL,2025-06-10
519,Indigo Kim,indigo.kim6744@mail.com,CA,2024-10-10
520,Ash Nguyen,ash.nguyen4091@mail.com,TX,2024-11-25
521,Morgan Clark,morgan.clark2330@corp.net,PA,2024-10-02
522,Ash Lewis,ash.lewis7406@corp.net,NY,2024-04-05
523,Quinn Young,quinn.young6047@company.org,GA,2025-05-14
524,Drew Sanchez,,GA,2025-01-01
525,Jordan Allen,jordan.allen3569@corp.net,MA,2024-08-04
526,Rowan Brown,rowan.brown4647@company.org,WA,2025-07-14
527,Skyler Nguyen,skyler.nguyen5632@corp.net,IN,2024-02-19
528,Sam Kim,sam.kim267@corp.net,NY,2024-06-10
529,Parker Robinson,parker.robinson7010@example.com,FL,2024-05-15
530,Ash Davis,ash.davis4490@mail.com,NY,2025-01-04
531,Avery Garcia,avery.garcia2712@company.org,CA,2025-02-09
532,Ash Davis,ash.davis7033@mail.com,IN,2024-04-03
533,Jules Kim,jules.kim3497@example.com,GA,2024-03-20
534,Casey Sanchez,casey.sanchez8511@mail.com,IN,2025-03-31
535,Alex Lee,alex.lee1976@company.org,MA,2024-05-15
536,Rowan Garcia,rowan.garcia6277@mail.com,NY,2024-04-14
537,Taylor Martinez,taylor.martinez4903@company.org,TX,2025-01-26
538,Casey Nguyen,casey.nguyen8692@example.com,PA,2024-01-09
539,Logan Smith,logan.smith5754@corp.net,FL,2024-06-04
540,Kai Hernandez,kai.hernandez3560@corp.net,NY,2024-04-12
541,Casey Kim,casey.kim5760@corp.net,MA,2024-11-18
542,Casey Wang,casey.wang1381@company.org,FL,2025-07-20
543,Logan Hernandez,logan.hernandez440@company.org,IN,2024-11-04
544,Cameron Young,cameron.young6419@mail.com,IL,2024-02-25
545,Morgan Walker,morgan.walker1848@corp.net,FL,2025-05-26
546,Ash Hernandez,ash.hernandez8656@example.com,CA,2025-01-04
547,Drew Nguyen,drew.nguyen9313@corp.net,MA,2025-01-09
548,Reese Smith,reese.smith1196@corp.net,CA,2025-08-24
549,Jordan Lee,jordan.lee3535@company.org,CA,2024-03-02
550,Quinn Young,quinn.young8210@company.org,MA,2025-03-09
551,Jules Clark,jules.clark8792@example.com,NC,2025-09-22
552,Casey Brown,casey.brown5078@example.com,NY,2025-06-07
553,Cameron Nguyen,cameron.nguyen6402@company.org,PA,2024-03-08
554,Jamie Lewis,jamie.lewis949@mail.com,FL,2024-03-29
555,Kai Kim,kai.kim9976@corp.net,CA,2024-11-12
556,Indigo Smith,indigo.smith208@example.com,TX,2024-01-12
557,Riley Walker,riley.walker8569@company.org,NC,2024-09-22
558,Riley Lopez,riley.lopez4404@mail.com,NY,2024-01-31
559,Drew Lewis,drew.lewis8583@company.org,NY,2024-09-26
560,Jules Sanchez,jules.sanchez8129@example.com,GA,2025-06-07
561,Devin Patel,devin.patel9288@corp.net,TX,2025-01-11
562,Riley Brown,riley.brown9403@example.com,IN,2024-04-28
563,Morgan Young,morgan.young722@example.com,CA,2024-09-07
564,Sam Walker,sam.walker6275@company.org,TX,2024-07-02
565,Sam Allen,sam.allen3679@corp.net,WA,2024-09-11
566,Kai Martinez,kai.martinez1277@company.org,PA,2025-01-16
567,Taylor Young,taylor.young2939@example.com,FL,2025-06-12
568,Sam Clark,sam.clark7621@example.com,IL,2024-11-14
569,Drew Garcia,drew.garcia131@corp.net,WA,2024-07-24
570,Jamie Sanchez,jamie.sanchez3975@company.org,GA,2025-01-12
571,Skyler Walker,skyler.walker8955@mail.com,FL,2024-06-03
572,Alex Lewis,alex.lewis3818@example.com,NC,2024-12-20
573,Ash Lee,ash.lee24@company.org,IN,2025-01-20
574,Kendall Davis,kendall.davis3362@example.com,NC,2024-08-31
575,Kai Walker,kai.walker2333@example.com,IL,2024-04-05
576,Sam Wang,sam.wang6103@corp.net,GA,2024-03-27
577,Skyler Kim,skyler.kim6462@mail.com,NY,2025-08-29
578,Skyler Patel,skyler.patel2142@corp.net,FL,2024-10-25
579,Avery Martinez,avery.martinez5346@corp.net,WA,2025-04-08
580,Avery Wang,avery.wang3322@example.com,TX,2025-08-21
581,Taylor Nguyen,taylor.nguyen2694@example.com,GA,2025-04-22
582,Drew Lewis,drew.lewis8781@example.com,WA,2024-07-31
583,Parker Davis,parker.davis4342@corp.net,NY,2024-04-02
584,Riley Davis,riley.davis3523@example.com,WA,2024-05-31
585,Jordan Wang,jordan.wang6493@company.org,NC,2024-02-20
586,Indigo Davis,indigo.davis2849@company.org,CA,2025-02-18
587,Parker Allen,parker.allen1552@mail.com,GA,2024-04-14
588,Casey Kim,casey.kim1011@example.com,FL,2024-05-13
589,Cameron Clark,cameron.clark1377@company.org,PA,2025-08-23
590,Avery Garcia,avery.garcia1057@example.com,FL,2025-03-30
591,Casey Garcia,casey.garcia2008@company.org,CA,2025-04-17
592,Sam Smith,sam.smith6472@corp.net,GA,2024-01-31
593,Quinn Lewis,quinn.lewis5800@mail.com,FL,2024-07-10
594,Avery Brown,avery.brown2436@corp.net,CA,2025-09-20
595,Logan Hernandez,logan.hernandez4836@mail.com,GA,2025-02-25
596,Reese Walker,reese.walker1438@example.com,XX,2025-01-27
597,Casey Lewis,casey.lewis8615@mail.com,FL,2025-07-10
598,Alex Clark,alex.clark7860@company.org,NC,2025-05-11
599,Devin Sanchez,devin.sanchez6364@company.org,IL,2024-07-03
600,Alex Martinez,alex.martinez481@mail.com,IL,2024-02-29
601,Rowan Young,rowan.young9569@company.org,FL,2024-06-12
602,Taylor Wang,taylor.wang4367@mail.com,NC,2024-02-27
603,Morgan Sanchez,morgan.sanchez5814@corp.net,TX,2024-06-29
604,Morgan Sanchez,morgan.sanchez5879@company.org,PA,2024-01-29
605,Jules Lopez,jules.lopez9226@mail.com,FL,2025-05-19
606,Reese Davis,reese.davis8036@mail.com,CA,2024-04-02
607,Sam Wang,sam.wang327@mail.com,NC,2025-05-04
608,Alex Martinez,alex.martinez2138@mail.com,WA,2024-06-30
609,Drew Patel,drew.patel2421@example.com,PA,2024-05-25
610,Taylor Young,taylor.young1189@company.org,WA,2025-02-09
611,Skyler Kim,skyler.kim4945@company.org,WA,2024-05-19
612,Riley Lewis,riley.lewis5199@corp.net,TX,2025-07-29
613,Jules Hernandez,jules.hernandez3658@company.org,IN,2025-08-26
614,Riley Clark,riley.clark4826@company.org,TX,2024-06-30
615,Kendall Lee,kendall.lee9298@corp.net,CA,2024-07-05
616,Logan Martinez,logan.martinez9266@mail.com,NY,2025-05-23
617,Casey Martinez,casey.martinez3900@example.com,WA,2024-11-23
618,Riley Garcia,riley.garcia7318@company.org,CA,2024-09-28
619,Cameron Wang,cameron.wang5743@example.com,IL,2024-04-20
620,Kendall Lee,kendall.lee6324@example.com,GA,2025-03-05
621,Riley Lewis,riley.lewis6205@corp.net,WA,2025-07-13
622,Quinn Kim,quinn.kim9471@corp.net,IN,2024-08-18
623,Riley Robinson,riley.robinson548@example.com,IL,2024-01-21
624,Drew Brown,drew.brown1216@example.com,WA,2024-06-23
625,Quinn Smith,quinn.smith8963@example.com,NY,2024-12-12
626,Logan Hernandez,logan.hernandez508@corp.net,MA,2024-06-17
627,Logan Lewis,logan.lewis878@mail.com,NY,2024-12-05
628,Cameron Johnson,cameron.johnson9079@corp.net,NC,2024-09-28
629,Indigo Davis,indigo.davis3892@company.org,NY,2024-02-20
630,Quinn Sanchez,quinn.sanchez2517@corp.net,CA,2025-01-04
631,Alex Lewis,alex.lewis4826@example.com,IN,2025-10-02
632,Logan Walker,logan.walker1590@mail.com,CA,2024-07-30
633,Riley Davis,riley.davis7759@example.com,NY,2024-11-11
634,Quinn Walker,quinn.walker4342@corp.net,NY,2025-07-11
635,Quinn Smith,quinn.smith6250@company.org,WA,2024-07-10
636,Parker Patel,parker.patel7205@company.org,GA,2024-09-26
637,Morgan Brown,morgan.brown2477@example.com,IN,2024-04-09
638,Jordan Lopez,jordan.lopez9663@corp.net,FL,2025-07-20
639,Sam Clark,sam.clark8774@corp.net,IN,2025-05-01
640,Skyler Wang,skyler.wang4897@corp.net,NY,2025-02-08
641,Jules Patel,jules.patel1971@mail.com,GA,2024-06-26
642,Riley Johnson,riley.johnson2068@mail.com,CA,2025-03-09
643,Jordan Lewis,jordan.lewis2423@mail.com,PA,2024-09-21
644,Drew Garcia,drew.garcia6359@example.com,NC,2025-02-10
645,Reese Martinez,reese.martinez8515@company.org,GA,2024-01-13
646,Jules Hernandez,jules.hernandez1844@corp.net,MA,2024-06-02
647,Casey Sanchez,casey.sanchez1731@example.com,PA,2024-04-13
648,Jamie Allen,jamie.allen6733@company.org,IL,2025-01-27
649,Ash Walker,ash.walker614@corp.net,TX,2024-10-09
650,Quinn Nguyen,quinn.nguyen636@corp.net,MA,2024-12-05
651,Jules Wang,jules.wang7786@example.com,IL,2025-01-16
652,Alex Martinez,alex.martinez5095@company.org,IL,2025-05-18
653,Jules Kim,jules.kim2202@mail.com,IL,2025-03-29
654,Drew Brown,drew.brown9912@corp.net,IN,2024-04-01
655,Cameron Robinson,cameron.robinson6672@mail.com,GA,2025-06-12
656,Devin Patel,devin.patel1076@mail.com,IL,2025-06-02
657,Quinn Nguyen,quinn.nguyen2847@example.com,FL,2024-07-24
658,Sam Wang,sam.wang7479@example.com,CA,2025-01-04
659,Jules Johnson,jules.johnson6036@company.org,GA,2025-06-01
660,Quinn Kim,quinn.kim3964@example.com,WA,2025-05-15
661,Logan Robinson,logan.robinson7776@mail.com,PA,2025-07-18
662,Devin Lopez,devin.lopez4238@mail.com,NY,2024-10-18
663,Alex Clark,alex.clark2670@example.com,PA,2024-08-07
664,Morgan Wang,morgan.wang4409@mail.com,IN,2025-02-23
665,Hayden Lee,hayden.lee7768@example.com,TX,2024-06-26
666,Logan Lee,logan.lee4136@mail.com,PA,2024-11-08
667,Jules Brown,jules.brown6169@corp.net,WA,2025-04-15
668,Avery Johnson,avery.johnson4951@corp.net,IN,2025-06-17
669,Logan Clark,logan.clark121@example.com,NC,2025-01-18
670,Reese Hernandez,reese.hernandez4891@company.org,IN,2024-04-20
671,Rowan Garcia,rowan.garcia4530@company.org,IN,2024-11-28
672,Avery Brown,avery.brown3087@company.org,TX,2025-06-13
673,Morgan Patel,morgan.patel5237@corp.net,IN,2024-05-23
674,Kendall Lee,kendall.lee4844@corp.net,IL,2025-03-04
675,Quinn Clark,quinn.clark9553@example.com,PA,2024-07-13
676,Drew Wang,drew.wang5874@corp.net,NC,2024-11-03
677,Riley Allen,riley.allen4814@mail.com,NY,2025-04-27
678,Casey Brown,casey.brown5500@mail.com,IN,2024-04-01
679,Morgan Lopez,morgan.lopez5032@mail.com,MA,2024-12-05
680,Devin Brown,devin.brown7599@company.org,NY,2025-04-26
681,Sam Sanchez,sam.sanchez7737@example.com,FL,2025-05-27
682,Taylor Clark,taylor.clark6769@company.org,CA,2024-06-03
683,Casey Johnson,casey.johnson6705@company.org,PA,2025-04-13
684,Casey Martinez,casey.martinez1325@mail.com,GA,2024-12-06
685,Ash Smith,ash.smith951@company.org,CA,2025-04-07
686,Avery Johnson,avery.johnson9442@mail.com,TX,2025-05-16
687,Jordan Nguyen,jordan.nguyen7036@corp.net,MA,2025-03-15
688,Rowan Clark,rowan.clark619@example.com,NC,2024-07-23
689,Kendall Lopez,kendall.lopez5280@example.com,NC,2024-07-14
690,Alex Lee,alex.lee3708@mail.com,WA,2024-11-15
691,Casey Kim,casey.kim8247@corp.net,PA,2024-11-09
692,Riley Garcia,riley.garcia4886@example.com,IL,2025-04-11
693,Kendall Young,kendall.young7106@company.org,IN,2024-05-17
694,Drew Walker,drew.walker3088@company.org,TX,2025-02-17
695,Alex Wang,alex.wang2150@mail.com,FL,2024-01-23
696,Skyler Young,skyler.young2018@mail.com,WA,2024-02-08
697,Quinn Brown,quinn.brown9731@example.com,CA,2024-04-20
698,Ash Lee,ash.lee1898@example.com,MA,2025-03-30
699,Quinn Kim,quinn.kim7773@company.org,TX,2024-07-29
700,Jules Lee,jules.lee6896@company.org,IN,2024-04-13
701,Indigo Young,indigo.young9923@company.org,TX,2025-03-04
702,Taylor Young,taylor.young4632@example.com,NY,2024-04-18
703,Rowan Johnson,rowan.johnson4309@mail.com,NC,2024-07-25
704,Devin Lewis,devin.lewis2628@company.org,CA,2025-07-15
705,Rowan Johnson,rowan.johnson5417@corp.net,FL,2024-01-03
706,Alex Garcia,alex.garcia9407@example.com,IN,2025-05-20
707,Casey Garcia,casey.garcia1660@example.com,IL,2024-08-24
708,Parker Davis,parker.davis7607@company.org,CA,2024-04-12
709,Riley Patel,riley.patel5902@company.org,IN,2024-11-16
710,Kai Kim,kai.kim752@example.com,CA,2024-05-21
711,Indigo Smith,indigo.smith5858@company.org,GA,2025-09-28
712,Avery Garcia,avery.garcia5616@company.org,TX,2024-04-26
713,Quinn Clark,quinn.clark4454@corp.net,MA,2025-05-04
714,Kai Smith,kai.smith2172@example.com,CA,2024-06-12
715,Taylor Lewis,taylor.lewis9322@corp.net,IN,2025-03-24
716,Riley Hernandez,riley.hernandez5876@corp.net,PA,2024-01-30
717,Indigo Nguyen,indigo.nguyen7998@corp.net,NY,2025-02-25
718,Parker Patel,parker.patel4287@example.com,IN,2024-11-17
719,Alex Young,alex.young5543@mail.com,NC,2025-06-19
720,Jules Hernandez,jules.hernandez7092@example.com,IN,2024-09-11
721,Rowan Lopez,rowan.lopez2436@corp.net,NC,2025-09-19
722,Sam Lee,sam.lee8284@mail.com,GA,2025-05-22
723,Riley Garcia,riley.garcia5254@corp.net,FL,2024-12-04
724,Avery Patel,avery.patel9020@mail.com,IN,2025-01-22
725,Quinn Wang,quinn.wang7522@example.com,GA,2025-08-09
726,Parker Garcia,parker.garcia7325@corp.net,WA,2024-05-01
727,Rowan Lee,rowan.lee6610@example.com,MA,2024-02-06
728,Reese Allen,reese.allen1490@example.com,PA,2025-09-25
729,Ash Davis,ash.davis7475@mail.com,WA,2025-01-07
730,Sam Wang,sam.wang5440@corp.net,NC,2025-09-26
731,Logan Walker,logan.walker7415@company.org,NY,2024-04-09
732,Indigo Wang,indigo.wang5593@example.com,WA,2024-10-25
733,Reese Young,reese.young1742@company.org,CA,2024-06-17
734,Rowan Nguyen,rowan.nguyen1753@corp.net,IL,2025-09-17
735,Cameron Johnson,cameron.johnson6438@example.com,FL,2025-04-13
736,Cameron Martinez,cameron.martinez6791@example.com,CA,2025-08-25
737,Taylor Robinson,taylor.robinson9656@corp.net,NC,2024-05-17
738,Rowan Lee,rowan.lee9065@example.com,MA,2025-08-22
739,Rowan Young,rowan.young9480@mail.com,TX,2024-05-11
740,Taylor Clark,taylor.clark8260@company.org,MA,2025-03-04
741,Logan Wang,logan.wang6519@company.org,WA,2024-10-28
742,Parker Nguyen,parker.nguyen6763@mail.com,PA,2025-06-08
743,Jamie Allen,jamie.allen9070@company.org,IN,2024-08-10
744,Cameron Johnson,cameron.johnson5658@company.org,IN,2024-05-15
745,Jules Smith,jules.smith1891@company.org,WA,2025-07-29
746,Rowan Sanchez,rowan.sanchez8748@corp.net,IL,2025-03-08
747,Alex Young,alex.young415@example.com,MA,2024-05-28
748,Sam Patel,sam.patel4375@mail.com,TX,2024-10-20
749,Indigo Brown,indigo.brown1017@mail.com,IL,2024-07-27
750,Reese Patel,reese.patel7416@company.org,NY,2025-09-22
751,Indigo Allen,indigo.allen9196@mail.com,MA,2024-08-31
752,Hayden Davis,hayden.davis6252@example.com,MA,2025-03-02
753,Indigo Martinez,indigo.martinez213@example.com,IL,2024-07-26
754,Logan Robinson,logan.robinson6026@mail.com,PA,2025-07-13
755,Kendall Hernandez,kendall.hernandez3171@mail.com,IL,2025-04-04
756,Riley Garcia,riley.garcia2848@mail.com,NC,2024-05-02
757,Quinn Patel,quinn.patel4573@corp.net,NC,2024-09-27
758,Casey Smith,casey.smith93@company.org,WA,2025-04-22
759,Jules Nguyen,jules.nguyen2519@example.com,WA,2025-09-03
760,Sam Hernandez,sam.hernandez8038@company.org,PA,2025-07-17
761,Devin Garcia,devin.garcia8609@company.org,FL,2024-07-07
762,Hayden Garcia,hayden.garcia6815@mail.com,NC,2025-07-03
763,Quinn Garcia,quinn.garcia3625@company.org,FL,2024-12-05
764,Drew Lopez,drew.lopez3580@company.org,PA,2025-06-27
765,Rowan Allen,rowan.allen1880@example.com,IN,2024-12-20
766,Parker Wang,,IN,2024-11-24
767,Quinn Kim,quinn.kim4204@corp.net,NC,2024-10-16
768,Alex Young,alex.young8427@company.org,NC,2025-04-01
769,Rowan Patel,rowan.patel3155@company.org,WA,2025-06-10
770,Jordan Kim,jordan.kim8815@mail.com,NC,2024-01-08
771,Ash Garcia,ash.garcia3493@mail.com,IN,2025-03-10
772,Taylor Johnson,taylor.johnson1182@corp.net,IN,2024-06-06
773,Alex Robinson,alex.robinson621@company.org,NY,2024-03-16
774,Sam Smith,sam.smith9144@company.org,NY,2025-08-11
775,Morgan Brown,morgan.brown6358@corp.net,GA,2025-02-18
776,Kai Martinez,kai.martinez6382@example.com,IN,2024-05-01
777,Reese Lee,reese.lee9595@example.com,CA,2024-03-15
778,Devin Young,devin.young4749@example.com,IN,2024-11-04
779,Logan Garcia,logan.garcia7171@company.org,MA,2025-02-08
780,Indigo Lee,indigo.lee2562@corp.net,NC,2024-08-13
781,Casey Clark,casey.clark2361@company.org,IL,2025-01-17
782,Alex Allen,alex.allen2020@mail.com,CA,2024-01-06
783,Skyler Hernandez,skyler.hernandez8801@corp.net,NC,2024-03-28
784,Jamie Johnson,jamie.johnson3470@company.org,MA,2025-06-08
785,Casey Smith,casey.smith3618@mail.com,PA,2024-09-15
786,Cameron Kim,cameron.kim9295@mail.com,CA,2025-07-16
787,Parker Allen,parker.allen4763@example.com,IN,2024-03-09
788,Avery Kim,avery.kim9513@mail.com,GA,2024-12-04
789,Devin Nguyen,devin.nguyen1640@mail.com,IL,2025-09-26
790,Jordan Johnson,jordan.johnson7961@company.org,GA,2024-12-02
791,Logan Davis,logan.davis9267@mail.com,PA,2025-01-08
792,Drew Lewis,drew.lewis80@mail.com,WA,2024-09-09
793,Morgan Lewis,morgan.lewis5890@company.org,TX,2024-12-05
794,Rowan Robinson,rowan.robinson5878@corp.net,IL,2025-05-13
795,Reese Kim,reese.kim9939@mail.com,NY,2024-10-14
796,Casey Allen,casey.allen4313@mail.com,IN,2024-03-19
797,Kendall Garcia,kendall.garcia8310@example.com,IN,2024-02-01
798,Skyler Sanchez,skyler.sanchez9668@corp.net,FL,2024-02-07
799,Reese Brown,reese.brown2436@corp.net,WA,2025-02-05
800,Morgan Sanchez,morgan.sanchez2194@company.org,GA,2025-05-28
801,Hayden Garcia,hayden.garcia5962@corp.net,NC,2024-01-11
802,Indigo Wang,indigo.wang8424@mail.com,TX,2025-04-01
803,Riley Smith,riley.smith7922@mail.com,WA,2024-02-11
804,Morgan Walker,morgan.walker1030@mail.com,IL,2025-01-13
805,Morgan Patel,morgan.patel8486@mail.com,WA,2025-02-01
806,Rowan Robinson,rowan.robinson654@example.com,IN,2024-11-27
807,Taylor Young,taylor.young4315@company.org,PA,2025-07-11
808,Skyler Smith,skyler.smith6202@corp.net,WA,2025-08-24
809,Ash Garcia,ash.garcia6166@company.org,FL,2025-06-12
810,Quinn Lopez,quinn.lopez7977@company.org,GA,2025-09-10
811,Alex Young,alex.young7208@mail.com,TX,2024-08-23
812,Jordan Young,jordan.young3466@company.org,TX,2024-07-10
813,Riley Lopez,riley.lopez3774@example.com,MA,2024-12-04
814,Kendall Kim,kendall.kim7845@corp.net,GA,2024-08-03
815,Skyler Smith,skyler.smith368@corp.net,FL,2024-02-14
816,Casey Sanchez,casey.sanchez2208@mail.com,IN,2025-06-08
817,Sam Sanchez,sam.sanchez917@mail.com,TX,2024-09-21
818,Riley Young,riley.young9820@corp.net,PA,2024-01-20
819,Kendall Davis,kendall.davis3549@example.com,GA,2025-09-13
820,Rowan Walker,rowan.walker3595@mail.com,MA,2025-09-07
821,Casey Sanchez,,IL,2024-06-20
822,Kendall Martinez,kendall.martinez9774@corp.net,PA,2024-03-11
823,Morgan Clark,morgan.clark2167@corp.net,NY,2024-01-17
824,Cameron Young,cameron.young2451@corp.net,PA,2024-04-08
825,Riley Walker,riley.walker8707@example.com,NC,2024-04-30
826,Jordan Walker,jordan.walker9888@mail.com,NC,2024-01-02
827,Indigo Lewis,indigo.lewis6069@corp.net,CA,2025-06-26
828,Kai Wang,kai.wang6247@corp.net,WA,2025-08-26
829,Kendall Sanchez,kendall.sanchez6972@example.com,TX,2024-09-17
830,Rowan Wang,rowan.wang4642@example.com,PA,2025-07-10
831,Kai Brown,kai.brown90@mail.com,CA,2025-08-14
832,Hayden Kim,hayden.kim6145@example.com,IN,2024-07-29
833,Jules Martinez,jules.martinez5936@corp.net,NY,2024-06-07
834,Kai Sanchez,kai.sanchez4282@company.org,NC,2025-03-09
835,Skyler Lopez,skyler.lopez6512@company.org,FL,2025-02-27
836,Reese Allen,reese.allen2929@corp.net,WA,2025-07-26
837,Reese Walker,reese.walker5025@company.org,PA,2024-12-18
838,Jules Clark,jules.clark1952@mail.com,FL,2025-04-02
839,Jules Smith,,NC,2025-02-14
840,Drew Allen,drew.allen2634@example.com,MA,2024-01-06
841,Jordan Nguyen,jordan.nguyen9835@corp.net,MA,2024-03-31
842,Jordan Brown,jordan.brown6076@mail.com,NY,2025-09-15
843,Sam Clark,sam.clark8537@corp.net,IL,2025-09-03
844,Sam Smith,sam.smith7193@corp.net,CA,2024-07-25
845,Indigo Young,indigo.young3191@company.org,CA,2025-09-05
846,Hayden Young,hayden.young2777@mail.com,IN,2024-02-06
847,Devin Wang,devin.wang2580@example.com,NY,2024-10-09
848,Quinn Lopez,quinn.lopez6643@corp.net,PA,2024-07-24
849,Hayden Lee,hayden.lee1478@example.com,NC,2024-10-18
850,Kendall Allen,,IL,2024-08-19
851,Logan Johnson,logan.johnson6619@corp.net,PA,2024-01-05
852,Avery Smith,avery.smith8295@corp.net,NY,2025-07-26
853,Jordan Young,jordan.young5571@company.org,NY,2025-06-09
854,Avery Allen,avery.allen7255@company.org,MA,2025-07-30
855,Rowan Wang,rowan.wang7518@company.org,IN,2025-04-16
856,Skyler Lee,,IL,2024-03-10
857,Quinn Wang,quinn.wang5173@mail.com,MA,2024-12-27
858,Hayden Allen,hayden.allen4315@example.com,FL,2024-10-21
859,Jordan Clark,jordan.clark1246@company.org,NC,2024-07-01
860,Rowan Martinez,rowan.martinez3581@company.org,PA,2024-10-02
861,Riley Johnson,riley.johnson3272@corp.net,FL,2024-09-04
862,Avery Johnson,avery.johnson3323@mail.com,FL,2025-09-25
863,Devin Nguyen,devin.nguyen1965@example.com,NY,2025-05-19
864,Logan Lee,logan.lee7902@example.com,WA,2025-09-27
865,Drew Walker,drew.walker8042@company.org,TX,2025-06-07
866,Avery Clark,,TX,2024-02-25
867,Hayden Lewis,hayden.lewis8860@corp.net,CA,2025-05-29
868,Devin Clark,devin.clark7491@mail.com,NY,2025-06-14
869,Parker Martinez,parker.martinez194@example.com,IN,2024-08-03
870,Quinn Sanchez,quinn.sanchez5332@example.com,WA,2025-09-19
871,Avery Smith,avery.smith3886@company.org,IL,2025-04-27
872,Logan Martinez,logan.martinez3014@company.org,GA,2025-03-10
873,Cameron Lewis,cameron.lewis5982@company.org,MA,2024-10-13
874,Parker Smith,parker.smith9436@mail.com,IN,2024-08-22
875,Taylor Brown,taylor.brown9099@mail.com,MA,2025-01-25
876,Cameron Nguyen,cameron.nguyen7750@mail.com,CA,2024-06-29
877,Kai Walker,kai.walker8471@mail.com,NC,2024-11-19
878,Rowan Davis,rowan.davis9211@company.org,PA,2024-02-18
879,Quinn Kim,quinn.kim984@mail.com,FL,2024-09-17
880,Rowan Kim,rowan.kim5484@corp.net,IL,2025-01-04
881,Devin Allen,devin.allen5639@company.org,CA,2025-02-25
882,Taylor Lopez,taylor.lopez9452@mail.com,PA,2025-07-05
883,Riley Davis,riley.davis5327@company.org,IN,2025-06-06
884,Rowan Robinson,rowan.robinson6244@example.com,PA,2024-10-20
885,Parker Nguyen,parker.nguyen5528@mail.com,MA,2025-09-19
886,Skyler Clark,skyler.clark1297@example.com,TX,2024-12-17
887,Morgan Martinez,morgan.martinez4774@company.org,IL,2025-09-11
888,Ash Clark,ash.clark7290@company.org,WA,2025-08-24
889,Hayden Robinson,hayden.robinson2742@corp.net,TX,2024-01-24
890,Casey Wang,casey.wang1312@company.org,FL,2024-06-19
891,Quinn Kim,quinn.kim1046@example.com,GA,2025-07-15
892,Sam Lee,sam.lee8585@corp.net,XX,2024-04-16
893,Avery Hernandez,avery.hernandez1382@mail.com,IN,2025-02-03
894,Jamie Wang,jamie.wang4656@mail.com,GA,2024-05-09
895,Casey Young,casey.young469@mail.com,CA,2024-12-31
896,Drew Walker,drew.walker8857@corp.net,IL,2025-07-15
897,Parker Nguyen,parker.nguyen9681@mail.com,PA,2025-04-12
898,Ash Sanchez,ash.sanchez8577@corp.net,IN,2025-06-30
899,Jamie Lopez,jamie.lopez8842@corp.net,FL,2024-04-01
900,Parker Davis,parker.davis6754@company.org,IL,2024-06-08
901,Jamie Lee,jamie.lee8575@example.com,TX,2024-12-18
902,Jamie Walker,jamie.walker8060@example.com,GA,2024-11-02
903,Alex Lewis,alex.lewis9782@company.org,FL,2024-01-08
904,Reese Lopez,reese.lopez6746@mail.com,NC,2025-03-23
905,Quinn Wang,quinn.wang6386@mail.com,MA,2024-08-13
906,Avery Garcia,avery.garcia3925@corp.net,NC,2025-09-19
907,Jules Brown,jules.brown8716@company.org,IL,2025-02-26
908,Cameron Garcia,cameron.garcia2239@mail.com,IL,2024-04-23
909,Ash Robinson,ash.robinson4459@corp.net,PA,2025-05-18
910,Cameron Martinez,cameron.martinez2493@example.com,CA,2025-07-01
911,Alex Smith,alex.smith4623@example.com,IL,2024-05-08
912,Jules Robinson,jules.robinson3815@example.com,NY,2024-06-03
913,Alex Walker,alex.walker5602@mail.com,MA,2024-11-15
914,Rowan Lopez,rowan.lopez520@corp.net,WA,2024-03-23
915,Casey Patel,casey.patel6430@company.org,NY,2025-07-10
916,Rowan Smith,rowan.smith4098@mail.com,MA,2024-01-13
917,Taylor Wang,taylor.wang7258@corp.net,FL,2024-02-04
918,Cameron Robinson,cameron.robinson8539@example.com,IN,2024-08-01
919,Rowan Clark,rowan.clark5294@company.org,TX,2024-02-13
920,Kendall Allen,kendall.allen4151@example.com,GA,2024-11-01
921,Cameron Lopez,cameron.lopez3569@example.com,NY,2024-08-29
922,Ash Lewis,ash.lewis247@company.org,TX,2024-10-09
923,Skyler Kim,skyler.kim3983@corp.net,CA,2024-02-13
924,Skyler Walker,skyler.walker6085@mail.com,NY,2024-09-11
925,Riley Walker,riley.walker5545@example.com,IN,2024-03-02
926,Sam Lopez,sam.lopez8788@mail.com,NY,2024-05-08
927,Rowan Wang,rowan.wang9149@company.org,IN,2024-12-21
928,Parker Johnson,parker.johnson6190@example.com,WA,2024-05-17
929,Avery Patel,avery.patel7169@corp.net,NC,2024-10-28
930,Reese Walker,reese.walker9285@mail.com,TX,2025-07-10
931,Devin Martinez,devin.martinez4511@corp.net,PA,2025-07-21
932,Riley Garcia,riley.garcia7363@mail.com,IL,2024-09-26
933,Reese Lopez,reese.lopez12@corp.net,IN,2025-06-02
934,Quinn Smith,quinn.smith5966@example.com,PA,2024-09-01
935,Drew Garcia,drew.garcia3111@corp.net,NC,2025-05-24
936,Reese Nguyen,reese.nguyen5286@company.org,MA,2024-11-25
937,Taylor Kim,taylor.kim718@example.com,TX,2024-07-01
938,Sam Johnson,sam.johnson7953@example.com,FL,2024-04-11
939,Sam Sanchez,sam.sanchez8027@corp.net,NC,2025-09-30
940,Jules Sanchez,jules.sanchez805@company.org,WA,2024-08-14
941,Logan Garcia,logan.garcia3420@example.com,IN,2025-05-18
942,Jordan Robinson,jordan.robinson5914@example.com,NC,2025-03-01
943,Devin Patel,devin.patel8668@company.org,CA,2024-03-13
944,Jamie Garcia,jamie.garcia8512@mail.com,NY,2024-04-13
945,Kendall Wang,kendall.wang3105@corp.net,FL,2025-06-22
946,Indigo Wang,indigo.wang9150@mail.com,NC,2025-03-01
947,Kendall Kim,kendall.kim7516@company.org,IN,2025-03-13
948,Taylor Smith,taylor.smith9011@mail.com,MA,2025-05-31
949,Drew Smith,drew.smith5773@corp.net,WA,2025-07-17
950,Drew Lopez,drew.lopez7055@corp.net,WA,2025-09-15
951,Morgan Sanchez,morgan.sanchez6146@mail.com,NC,2024-09-17
952,Devin Robinson,devin.robinson6506@corp.net,CA,2024-02-05
953,Jamie Hernandez,jamie.hernandez8481@example.com,TX,2024-11-05
954,Alex Davis,alex.davis3520@mail.com,WA,2024-01-23
955,Jules Brown,jules.brown1545@mail.com,CA,2025-04-16
956,Devin Nguyen,devin.nguyen4342@mail.com,WA,2025-08-19
957,Morgan Wang,morgan.wang4921@company.org,NY,2025-08-07
958,Quinn Sanchez,quinn.sanchez1265@mail.com,WA,2025-05-09
959,Riley Walker,riley.walker9753@example.com,IN,2024-11-03
960,Sam Sanchez,sam.sanchez1286@corp.net,CA,2024-12-08
961,Devin Lewis,devin.lewis1975@corp.net,FL,2025-09-08
962,Alex Clark,alex.clark4994@example.com,NC,2024-02-12
963,Drew Allen,drew.allen5355@mail.com,NC,2024-08-14
964,Casey Patel,casey.patel7301@corp.net,PA,2025-08-12
965,Hayden Garcia,hayden.garcia7077@mail.com,IL,2025-02-07
966,Casey Nguyen,casey.nguyen1353@company.org,GA,2025-08-08
967,Kendall Patel,kendall.patel4302@corp.net,NY,2025-02-12
968,Hayden Lewis,hayden.lewis2210@mail.com,GA,2025-07-26
969,Cameron Walker,cameron.walker9361@corp.net,FL,2025-07-28
970,Logan Young,logan.young3971@mail.com,NY,2024-09-29
971,Kai Martinez,kai.martinez1844@example.com,IN,2025-02-27
972,Kai Lopez,kai.lopez3121@company.org,WA,2024-12-18
973,Logan Lee,logan.lee2774@company.org,WA,2025-09-23
974,Parker Hernandez,parker.hernandez7217@mail.com,CA,2024-08-27
975,Cameron Lopez,,NY,2024-02-25
976,Morgan Hernandez,morgan.hernandez4714@mail.com,CA,2024-12-17
977,Jules Kim,jules.kim7374@company.org,GA,2024-01-24
978,Drew Johnson,drew.johnson3340@mail.com,NC,2025-06-19
979,Avery Allen,avery.allen2316@corp.net,IN,2024-01-19
980,Quinn Sanchez,quinn.sanchez4186@example.com,TX,2024-03-02
981,Jamie Johnson,jamie.johnson870@company.org,GA,2024-01-09
982,Jordan Clark,jordan.clark5902@company.org,NY,2024-01-20
983,Jamie Clark,jamie.clark6238@mail.com,NC,2024-04-11
984,Drew Walker,drew.walker3055@example.com,FL,2025-05-27
985,Parker Allen,parker.allen652@example.com,FL,2025-06-26
986,Jamie Martinez,jamie.martinez6446@corp.net,TX,2024-01-19
987,Devin Lopez,devin.lopez4954@company.org,FL,2025-05-28
988,Avery Patel,avery.patel6344@company.org,CA,2025-07-22
989,Avery Wang,avery.wang5600@mail.com,MA,2024-05-20
990,Jordan Clark,jordan.clark6838@mail.com,FL,2025-08-09
991,Casey Lewis,casey.lewis9919@company.org,WA,2025-04-04
992,Reese Nguyen,reese.nguyen2271@mail.com,PA,2025-07-08
993,Indigo Johnson,indigo.johnson5063@mail.com,NC,2024-05-18
994,Kai Nguyen,kai.nguyen5202@mail.com,NY,2025-07-24
995,Reese Kim,reese.kim5204@mail.com,TX,2024-01-31
996,Drew Lewis,drew.lewis4971@corp.net,GA,2024-10-07
997,Casey Johnson,casey.johnson2156@example.com,TX,2024-01-27
998,Logan Hernandez,logan.hernandez9923@company.org,PA,2025-09-19
999,Morgan Hernandez,morgan.hernandez3784@mail.com,IN,2024-01-27
1000,Devin Garcia,devin.garcia2197@corp.net,NC,2025-09-11
1001,Rowan Lopez,rowan.lopez6349@mail.com,GA,2025-04-30
1002,Casey Smith,casey.smith3708@mail.com,CA,2025-02-22
1003,Alex Brown,alex.brown3647@corp.net,IN,2024-07-26
1004,Cameron Garcia,cameron.garcia7198@mail.com,PA,2025-05-16
1005,Jules Martinez,jules.martinez4044@corp.net,MA,2025-02-18
1006,Sam Hernandez,sam.hernandez5127@corp.net,MA,2025-09-18
1007,Kendall Sanchez,kendall.sanchez8531@example.com,NY,2025-04-07
1008,Parker Patel,parker.patel8499@mail.com,NC,2025-02-09
1009,Kendall Patel,kendall.patel8457@corp.net,IN,2024-02-20
1010,Cameron Davis,cameron.davis6522@corp.net,IL,2024-10-19
1011,Parker Smith,parker.smith4824@corp.net,PA,2024-02-25
1012,Jules Young,jules.young7596@mail.com,IN,2025-04-07
1013,Jordan Young,jordan.young2946@example.com,PA,2025-07-13
1014,Casey Clark,casey.clark5300@corp.net,GA,2024-01-26
1015,Riley Robinson,riley.robinson7450@mail.com,NY,2024-09-13
1016,Drew Smith,drew.smith1495@example.com,NY,2025-04-05
1017,Ash Lopez,ash.lopez8583@example.com,MA,2025-06-07
1018,Logan Smith,logan.smith9017@corp.net,MA,2024-02-14
1019,Riley Martinez,riley.martinez2657@mail.com,TX,2024-07-02
1020,Jules Patel,jules.patel5048@corp.net,IL,2025-04-01
1021,Jamie Smith,jamie.smith2156@example.com,FL,2024-01-04
1022,Logan Brown,logan.brown7515@example.com,GA,2025-05-25
1023,Reese Lee,reese.lee3898@corp.net,FL,2025-08-25
1024,Indigo Walker,indigo.walker6720@corp.net,GA,2024-03-22
1025,Logan Hernandez,logan.hernandez4010@example.com,NC,2024-10-11
1026,Logan Allen,logan.allen802@mail.com,TX,2024-05-31
1027,Sam Lopez,sam.lopez2382@example.com,CA,2025-08-14
1028,Logan Davis,logan.davis1437@company.org,CA,2024-04-21
1029,Kai Smith,kai.smith4660@mail.com,PA,2025-09-01
1030,Skyler Allen,skyler.allen7461@mail.com,PA,2025-01-03
1031,Sam Garcia,sam.garcia5290@company.org,WA,2025-01-23
1032,Jordan Lewis,jordan.lewis4798@example.com,GA,2024-05-17
1033,Taylor Brown,taylor.brown8636@company.org,MA,2025-06-21
1034,Cameron Johnson,cameron.johnson1791@example.com,PA,2025-06-25
1035,Jordan Walker,jordan.walker6997@company.org,PA,2024-11-20
1036,Avery Young,avery.young2126@company.org,PA,2025-07-30
1037,Rowan Young,rowan.young8070@corp.net,TX,2025-09-16
1038,Morgan Davis,morgan.davis26@mail.com,NY,2024-01-25
1039,Parker Kim,parker.kim6794@mail.com,XX,2024-02-16
1040,Drew Lopez,drew.lopez186@mail.com,IN,2024-07-25
1041,Jules Davis,jules.davis1112@company.org,IL,2024-11-03
1042,Hayden Allen,hayden.allen101@company.org,NY,2024-12-07
1043,Drew Clark,drew.clark2878@example.com,FL,2024-12-04
1044,Drew Walker,drew.walker583@corp.net,IN,2024-05-19
1045,Rowan Nguyen,rowan.nguyen8798@corp.net,WA,2025-04-18
1046,Kai Patel,kai.patel9257@company.org,IN,2024-11-19
1047,Reese Allen,reese.allen3413@example.com,PA,2024-12-05
1048,Devin Garcia,devin.garcia4596@mail.com,CA,2024-12-13
1049,Quinn Allen,quinn.allen9355@mail.com,PA,2025-02-02
1050,Riley Hernandez,riley.hernandez5051@example.com,WA,2024-02-02
1051,Avery Lewis,avery.lewis8144@example.com,FL,2025-01-15
1052,Parker Davis,parker.davis8604@mail.com,IL,2024-06-28
1053,Taylor Lopez,taylor.lopez3312@example.com,NY,2025-03-30
1054,Hayden Lee,hayden.lee8193@corp.net,TX,2024-07-13
1055,Drew Walker,drew.walker5364@company.org,TX,2024-04-10
1056,Hayden Nguyen,hayden.nguyen599@mail.com,GA,2025-01-31
1057,Jules Young,jules.young68@example.com,IL,2024-02-15
1058,Indigo Hernandez,indigo.hernandez5461@example.com,GA,2024-02-17
1059,Taylor Young,taylor.young369@company.org,PA,2024-11-15
1060,Ash Johnson,ash.johnson3286@company.org,FL,2024-10-20
1061,Avery Allen,avery.allen7228@company.org,IN,2024-04-30
1062,Avery Nguyen,avery.nguyen4484@mail.com,NY,2024-01-16
1063,Logan Allen,logan.allen3385@example.com,NC,2024-12-24
1064,Reese Martinez,reese.martinez2320@company.org,IL,2025-08-10
1065,Morgan Smith,morgan.smith5102@example.com,PA,2024-12-12
1066,Reese Robinson,reese.robinson2132@example.com,CA,2025-04-27
1067,Indigo Patel,indigo.patel6285@example.com,CA,2024-03-29
1068,Kai Clark,kai.clark9767@mail.com,PA,2025-04-01
1069,Logan Lopez,logan.lopez5445@company.org,FL,2025-06-30
1070,Jordan Robinson,jordan.robinson1523@mail.com,GA,2024-04-09
1071,Parker Davis,parker.davis7710@corp.net,FL,2024-08-17
1072,Casey Hernandez,casey.hernandez5955@company.org,MA,2024-07-06
1073,Jules Martinez,jules.martinez7427@company.org,GA,2024-01-31
1074,Jordan Walker,jordan.walker5759@example.com,GA,2025-04-17
1075,Riley Davis,riley.davis9904@company.org,PA,2024-05-10
1076,Hayden Kim,hayden.kim1753@corp.net,WA,2025-07-23
1077,Ash Garcia,ash.garcia8729@company.org,GA,2025-02-14
1078,Skyler Lewis,skyler.lewis3993@mail.com,NC,2024-06-11
1079,Rowan Clark,rowan.clark5583@example.com,FL,2025-08-28
1080,Kai Lewis,kai.lewis8922@company.org,FL,2024-06-26
1081,Indigo Garcia,indigo.garcia1874@corp.net,PA,2025-09-02
1082,Parker Martinez,parker.martinez7295@example.com,TX,2024-11-11
1083,Quinn Garcia,quinn.garcia9772@example.com,MA,2024-12-01
1084,Rowan Patel,rowan.patel3566@example.com,TX,2025-08-17
1085,Ash Lee,ash.lee2445@mail.com,GA,2025-06-28
1086,Jamie Clark,jamie.clark3206@corp.net,FL,2024-11-20
1087,Jamie Sanchez,jamie.sanchez7123@company.org,WA,2024-04-01
1088,Skyler Lee,skyler.lee2090@corp.net,IL,2024-03-04
1089,Devin Allen,devin.allen14@example.com,NC,2025-01-02
1090,Taylor Davis,taylor.davis3855@example.com,MA,2025-08-27
1091,Quinn Martinez,quinn.martinez6653@corp.net,MA,2025-03-21
1092,Reese Johnson,reese.johnson7781@mail.com,TX,2024-07-11
1093,Reese Clark,reese.clark6836@company.org,TX,2024-10-22
1094,Indigo Nguyen,indigo.nguyen191@mail.com,NY,2024-01-17
1095,Casey Walker,casey.walker2225@corp.net,NY,2024-05-20
1096,Ash Lewis,ash.lewis9903@corp.net,MA,2025-09-30
1097,Riley Robinson,riley.robinson9045@corp.net,GA,2025-01-28
1098,Devin Wang,devin.wang6960@mail.com,PA,2024-01-08
1099,Skyler Walker,skyler.walker8221@mail.com,IL,2025-02-24
1100,Reese Sanchez,reese.sanchez549@company.org,CA,2025-08-04
1101,Rowan Lopez,rowan.lopez9508@example.com,GA,2024-03-22
1102,Casey Young,casey.young7618@company.org,NC,2024-03-21
1103,Hayden Hernandez,hayden.hernandez4018@example.com,GA,2024-03-20
1104,Indigo Allen,indigo.allen865@company.org,WA,2025-07-01
1105,Alex Walker,alex.walker8400@corp.net,GA,2025-08-10
1106,Kendall Martinez,kendall.martinez5783@corp.net,IL,2024-10-23
1107,Riley Patel,riley.patel9236@company.org,IL,2024-03-03
1108,Ash Walker,ash.walker9386@mail.com,CA,2024-10-25
1109,Kendall Hernandez,kendall.hernandez4700@example.com,GA,2024-03-25
1110,Casey Young,casey.young4553@example.com,IL,2024-05-15
1111,Logan Brown,logan.brown4210@company.org,CA,2024-04-24
1112,Logan Smith,logan.smith7318@mail.com,WA,2024-06-28
1113,Avery Wang,avery.wang2963@corp.net,NC,2024-02-03
1114,Drew Garcia,drew.garcia9758@mail.com,TX,2025-05-22
1115,Kai Clark,kai.clark7212@mail.com,IN,2024-06-20
1116,Cameron Sanchez,cameron.sanchez891@company.org,IN,2024-09-27
1117,Taylor Patel,taylor.patel7603@mail.com,MA,2025-05-02
1118,Jamie Walker,jamie.walker6223@mail.com,IN,2025-02-03
1119,Rowan Brown,rowan.brown8691@mail.com,MA,2024-01-13
1120,Jamie Robinson,jamie.robinson5173@corp.net,NC,2024-02-12
1121,Taylor Allen,,PA,2024-10-06
1122,Drew Brown,drew.brown1611@company.org,IL,2025-08-21
1123,Quinn Robinson,quinn.robinson9646@mail.com,FL,2025-06-16
1124,Drew Smith,drew.smith8973@company.org,CA,2024-01-09
1125,Jordan Lee,jordan.lee1601@corp.net,XX,2024-04-16
1126,Indigo Robinson,indigo.robinson3595@company.org,IL,2024-09-14
1127,Cameron Patel,cameron.patel1507@example.com,CA,2025-08-31
1128,Indigo Johnson,indigo.johnson1966@example.com,NY,2025-09-11
1129,Casey Clark,casey.clark1817@mail.com,TX,2024-09-16
1130,Jamie Robinson,jamie.robinson7430@example.com,IL,2025-03-13
1131,Jules Martinez,jules.martinez2654@company.org,NY,2024-10-10
1132,Sam Clark,sam.clark5451@corp.net,CA,2024-09-21
1133,Avery Smith,avery.smith1138@corp.net,GA,2024-07-24
1134,Logan Clark,logan.clark8062@mail.com,NY,2024-05-27
1135,Reese Lewis,reese.lewis1741@mail.com,GA,2024-09-22
1136,Taylor Patel,taylor.patel1154@example.com,PA,2024-09-13
1137,Parker Lee,parker.lee2439@corp.net,IN,2024-01-01
1138,Sam Clark,sam.clark2484@company.org,WA,2025-02-04
1139,Skyler Lee,skyler.lee7834@corp.net,MA,2025-02-17
1140,Kendall Garcia,kendall.garcia55@mail.com,MA,2025-05-08
1141,Taylor Sanchez,taylor.sanchez5464@company.org,IN,2024-11-06
1142,Quinn Patel,quinn.patel5986@example.com,NC,2024-12-14
1143,Jordan Robinson,jordan.robinson3328@company.org,TX,2025-07-21
1144,Sam Clark,sam.clark4897@mail.com,MA,2024-04-19
1145,Ash Lopez,ash.lopez1391@corp.net,IN,2025-03-24
1146,Kendall Johnson,kendall.johnson585@mail.com,FL,2024-01-26
1147,Kendall Sanchez,kendall.sanchez8016@mail.com,MA,2024-03-05
1148,Reese Davis,reese.davis8749@corp.net,GA,2024-01-17
1149,Sam Martinez,sam.martinez5534@example.com,CA,2025-02-19
1150,Taylor Johnson,taylor.johnson8792@corp.net,TX,2025-08-16
1151,Morgan Garcia,morgan.garcia2320@example.com,GA,2024-01-20
1152,Rowan Hernandez,rowan.hernandez3977@example.com,IN,2024-05-13
1153,Alex Smith,alex.smith5036@example.com,NY,2025-04-12
1154,Logan Smith,logan.smith1743@example.com,NY,2025-05-24
1155,Logan Hernandez,logan.hernandez1034@mail.com,FL,2025-03-12
1156,Drew Clark,drew.clark1980@company.org,IN,2025-08-12
1157,Reese Nguyen,reese.nguyen3494@company.org,CA,2025-08-30
1158,Riley Martinez,riley.martinez1979@example.com,IL,2024-05-24
1159,Kai Smith,kai.smith9068@company.org,TX,2025-03-25
1160,Morgan Sanchez,morgan.sanchez2186@example.com,NY,2025-09-19
1161,Quinn Smith,quinn.smith7979@example.com,NY,2024-01-07
1162,Alex Smith,alex.smith9728@example.com,IL,2025-03-02
1163,Jules Walker,jules.walker3378@mail.com,TX,2024-10-04
1164,Hayden Robinson,hayden.robinson3920@corp.net,TX,2025-09-17
1165,Jules Patel,jules.patel8191@mail.com,PA,2024-03-31
1166,Ash Davis,ash.davis6862@company.org,CA,2025-07-25
1167,Morgan Johnson,morgan.johnson8687@example.com,NY,2025-09-25
1168,Devin Allen,devin.allen7606@mail.com,IN,2024-08-01
1169,Avery Patel,avery.patel1847@mail.com,TX,2025-04-30
1170,Rowan Smith,rowan.smith707@mail.com,CA,2025-01-07
1171,Jamie Johnson,jamie.johnson4119@corp.net,WA,2025-09-23
1172,Parker Patel,parker.patel860@example.com,NC,2024-06-29
1173,Riley Lee,riley.lee8437@corp.net,NY,2024-03-13
1174,Morgan Robinson,morgan.robinson6866@company.org,FL,2024-11-29
1175,Morgan Kim,morgan.kim3732@company.org,NY,2024-08-30
1176,Kendall Lewis,kendall.lewis6153@mail.com,FL,2024-03-16
1177,Rowan Sanchez,rowan.sanchez891@corp.net,MA,2024-05-28
1178,Cameron Hernandez,cameron.hernandez2918@corp.net,MA,2025-01-17
1179,Casey Robinson,,IL,2024-07-26
1180,Drew Nguyen,drew.nguyen9318@example.com,CA,2024-10-14
1181,Casey Kim,casey.kim7514@corp.net,MA,2024-06-24
1182,Drew Wang,drew.wang9890@company.org,TX,2025-09-18
1183,Riley Sanchez,riley.sanchez1417@mail.com,MA,2025-06-18
1184,Rowan Johnson,rowan.johnson7582@corp.net,IL,2024-01-15
1185,Kendall Lewis,kendall.lewis4061@mail.com,WA,2025-03-20
1186,Skyler Wang,skyler.wang9400@mail.com,CA,2025-03-03
1187,Sam Patel,sam.patel8262@corp.net,CA,2025-03-11
1188,Hayden Clark,hayden.clark1606@corp.net,GA,2025-05-22
1189,Morgan Garcia,morgan.garcia6663@example.com,FL,2024-05-15
1190,Devin Davis,devin.davis1487@mail.com,CA,2025-05-06
1191,Indigo Davis,indigo.davis7525@mail.com,PA,2025-08-20
1192,Alex Robinson,alex.robinson2272@corp.net,MA,2024-07-08
1193,Devin Robinson,devin.robinson1159@example.com,MA,2024-12-06
1194,Hayden Patel,hayden.patel6978@company.org,IL,2025-09-19
1195,Reese Sanchez,reese.sanchez1327@mail.com,PA,2024-12-09
1196,Kendall Patel,kendall.patel845@company.org,NY,2025-01-27
1197,Devin Robinson,devin.robinson5990@example.com,WA,2024-06-28
1198,Ash Allen,ash.allen9188@example.com,FL,2024-05-21
1199,Drew Wang,drew.wang7840@example.com,PA,2024-08-02
1200,Kendall Wang,kendall.wang5779@company.org,IL,2025-05-30
157,Parker Garcia,parker.garcia4136@company.org,WA,2024-04-28
921,Cameron Lopez,cameron.lopez3569@example.com,NY,2024-08-29
972,Kai Lopez,kai.lopez3121@company.org,WA,2024-12-18
898,Ash Sanchez,ash.sanchez8577@corp.net,IN,2025-06-30
36,Morgan Brown,morgan.brown3511@corp.net,NC,2024-05-15
